Input,Type,Result,Success,Timestamp
"","","",true,35
"","","",true,35
"","","",true,35
"","","",true,35
"","","",true,35
"","","",true,35
"","","",true,35
"","","",true,35
"","","",true,35
"","","",true,35
"","","",true,35
"","","",true,35
"","","",true,35
"","","",true,35
"","","",true,35
"","","",true,35
"","","",true,35
"","","",true,35
"","","",true,35
"","","",true,35
"","","",true,35
"","","",true,35
"","","",true,35
"","","",true,35
"","","",true,35
"","","",true,35
"","","",true,35
"","","",true,35
"","","",true,35
"","","",true,35
"","","",true,35
"","","",true,35
"","","",true,35
"","","",true,35
"","","",true,35
"","","",true,35
"","","",true,35
"","","",true,35
"","","",true,35
"","","",true,35
"","","",true,35
"","","",true,35
"","","",true,35
"","","",true,35
"","","",true,35
"","","",true,35
"","","",true,35
"","","",true,35
"","","",true,35
"","","",true,35
"","","",true,35
"","","",true,35
"","","",true,35
"","","",true,35
"","","",true,35
"","","",true,35
"","","",true,35
"","","",true,35
"","","",true,35
"","","",true,35
"","","",true,35
"","","",true,35
"","","",true,35
"","","",true,35
"","","",true,35
"","","",true,35
"","","",true,35
"","","",true,35
"","","",true,35
"","","",true,35
"","","",true,35
"","","",true,35
"","","",true,35
"","","",true,35
"","","",true,35
"","","",true,35
"","","",true,35
"","","",true,35
"","","",true,35
"","","",true,35
"","","",true,35
"","","",true,35
"","","",true,35
"","","",true,35
"","","",true,35
